"ref_area.label","indicator.label","source.label","sex.label","classif1.label","time","obs_value","obs_status.label","note_classif.label","note_indicator.label","note_source.label"
"Argentina","Unemployment rate by sex and age (%)","LFS - Permanent Household Survey, Urban","Sex: Total","Age (Youth, adults): 15+","2023Q4",5.731,,,"Frequency: Quarterly: average based on 3 monthly data points","Repository: ILO-STATISTICS - Micro data processing | Geographical coverage: Main cities or metropolitan areas"
"Argentina","Unemployment rate by sex and age (%)","LFS - Permanent Household Survey, Urban","Sex: Total","Age (Youth, adults): 15+","2023Q3",5.729,,,"Frequency: Quarterly: average based on 3 monthly data points","Repository: ILO-STATISTICS - Micro data processing | Geographical coverage: Main cities or metropolitan areas"
"Argentina","Unemployment rate by sex and age (%)","LFS - Permanent Household Survey, Urban","Sex: Total","Age (Youth, adults): 15+","2023Q2",6.229,,,"Frequency: Quarterly: average based on 3 monthly data points","Repository: ILO-STATISTICS - Micro data processing | Geographical coverage: Main cities or metropolitan areas"
"Argentina","Unemployment rate by sex and age (%)","LFS - Permanent Household Survey, Urban","Sex: Total","Age (Youth, adults): 15+","2023Q1",6.878,,,"Frequency: Quarterly: average based on 3 monthly data points","Repository: ILO-STATISTICS - Micro data processing | Geographical coverage: Main cities or metropolitan areas"
"Argentina","Unemployment rate by sex and age (%)","LFS - Permanent Household Survey, Urban","Sex: Total","Age (Youth, adults): 15+","2022Q4",6.285,,,"Frequency: Quarterly: average based on 3 monthly data points","Repository: ILO-STATISTICS - Micro data processing | Geographical coverage: Main cities or metropolitan areas"
"Argentina","Unemployment rate by sex and age (%)","LFS - Permanent Household Survey, Urban","Sex: Total","Age (Youth, adults): 15+","2022Q3",7.115,,,"Frequency: Quarterly: average based on 3 monthly data points","Repository: ILO-STATISTICS - Micro data processing | Geographical coverage: Main cities or metropolitan areas"
"Argentina","Unemployment rate by sex and age (%)","LFS - Permanent Household Survey, Urban","Sex: Total","Age (Youth, adults): 15+","2022Q2",6.86,,,"Frequency: Quarterly: average based on 3 monthly data points","Repository: ILO-STATISTICS - Micro data processing | Geographical coverage: Main cities or metropolitan areas"
"Argentina","Unemployment rate by sex and age (%)","LFS - Permanent Household Survey, Urban","Sex: Total","Age (Youth, adults): 15+","2022Q1",6.964,,,"Frequency: Quarterly: average based on 3 monthly data points","Repository: ILO-STATISTICS - Micro data processing | Geographical coverage: Main cities or metropolitan areas"
"Argentina","Unemployment rate by sex and age (%)","LFS - Permanent Household Survey, Urban","Sex: Total","Age (Youth, adults): 15+","2021Q4",6.971,,,"Frequency: Quarterly: average based on 3 monthly data points","Repository: ILO-STATISTICS - Micro data processing | Geographical coverage: Main cities or metropolitan areas"
"Argentina","Unemployment rate by sex and age (%)","LFS - Permanent Household Survey, Urban","Sex: Total","Age (Youth, adults): 15+","2021Q3",8.243,,,"Frequency: Quarterly: average based on 3 monthly data points","Repository: ILO-STATISTICS - Micro data processing | Geographical coverage: Main cities or metropolitan areas"
"Argentina","Unemployment rate by sex and age (%)","LFS - Permanent Household Survey, Urban","Sex: Total","Age (Youth, adults): 15+","2021Q2",9.608,,,"Frequency: Quarterly: average based on 3 monthly data points","Repository: ILO-STATISTICS - Micro data processing | Geographical coverage: Main cities or metropolitan areas"
"Argentina","Unemployment rate by sex and age (%)","LFS - Permanent Household Survey, Urban","Sex: Total","Age (Youth, adults): 15+","2021Q1",10.171,,,"Frequency: Quarterly: average based on 3 monthly data points","Repository: ILO-STATISTICS - Micro data processing | Geographical coverage: Main cities or metropolitan areas"
"Argentina","Unemployment rate by sex and age (%)","LFS - Permanent Household Survey, Urban","Sex: Total","Age (Youth, adults): 15+","2020Q4",10.962,,,"Frequency: Quarterly: average based on 3 monthly data points","Repository: ILO-STATISTICS - Micro data processing | Geographical coverage: Main cities or metropolitan areas"
"Argentina","Unemployment rate by sex and age (%)","LFS - Permanent Household Survey, Urban","Sex: Total","Age (Youth, adults): 15+","2020Q3",11.724,,,"Frequency: Quarterly: average based on 3 monthly data points","Repository: ILO-STATISTICS - Micro data processing | Geographical coverage: Main cities or metropolitan areas"
"Argentina","Unemployment rate by sex and age (%)","LFS - Permanent Household Survey, Urban","Sex: Total","Age (Youth, adults): 15+","2020Q2",13.084,,,"Frequency: Quarterly: average based on 3 monthly data points","Repository: ILO-STATISTICS - Micro data processing | Geographical coverage: Main cities or metropolitan areas"
"Argentina","Unemployment rate by sex and age (%)","LFS - Permanent Household Survey, Urban","Sex: Total","Age (Youth, adults): 15+","2020Q1",10.379,,,"Frequency: Quarterly: average based on 3 monthly data points","Repository: ILO-STATISTICS - Micro data processing | Geographical coverage: Main cities or metropolitan areas"
"Argentina","Unemployment rate by sex and age (%)","LFS - Permanent Household Survey, Urban","Sex: Total","Age (Youth, adults): 15+","2019Q4",8.901,,,"Frequency: Quarterly: average based on 3 monthly data points","Repository: ILO-STATISTICS - Micro data processing | Geographical coverage: Main cities or metropolitan areas"
"Argentina","Unemployment rate by sex and age (%)","LFS - Permanent Household Survey, Urban","Sex: Total","Age (Youth, adults): 15+","2019Q3",9.737,,,"Frequency: Quarterly: average based on 3 monthly data points","Repository: ILO-STATISTICS - Micro data processing | Geographical coverage: Main cities or metropolitan areas"
"Argentina","Unemployment rate by sex and age (%)","LFS - Permanent Household Survey, Urban","Sex: Total","Age (Youth, adults): 15+","2019Q2",10.651,,,"Frequency: Quarterly: average based on 3 monthly data points","Repository: ILO-STATISTICS - Micro data processing | Geographical coverage: Main cities or metropolitan areas"
"Argentina","Unemployment rate by sex and age (%)","LFS - Permanent Household Survey, Urban","Sex: Total","Age (Youth, adults): 15+","2019Q1",10.079,,,"Frequency: Quarterly: average based on 3 monthly data points","Repository: ILO-STATISTICS - Micro data processing | Geographical coverage: Main cities or metropolitan areas"
"Argentina","Unemployment rate by sex and age (%)","LFS - Permanent Household Survey, Urban","Sex: Total","Age (Youth, adults): 15+","2018Q4",9.132,,,"Frequency: Quarterly: average based on 3 monthly data points","Repository: ILO-STATISTICS - Micro data processing | Geographical coverage: Main cities or metropolitan areas"
"Argentina","Unemployment rate by sex and age (%)","LFS - Permanent Household Survey, Urban","Sex: Total","Age (Youth, adults): 15+","2018Q3",8.989,,,"Frequency: Quarterly: average based on 3 monthly data points","Repository: ILO-STATISTICS - Micro data processing | Geographical coverage: Main cities or metropolitan areas"
"Argentina","Unemployment rate by sex and age (%)","LFS - Permanent Household Survey, Urban","Sex: Total","Age (Youth, adults): 15+","2018Q2",9.61,,,"Frequency: Quarterly: average based on 3 monthly data points","Repository: ILO-STATISTICS - Micro data processing | Geographical coverage: Main cities or metropolitan areas"
"Argentina","Unemployment rate by sex and age (%)","LFS - Permanent Household Survey, Urban","Sex: Total","Age (Youth, adults): 15+","2018Q1",9.153,,,"Frequency: Quarterly: average based on 3 monthly data points","Repository: ILO-STATISTICS - Micro data processing | Geographical coverage: Main cities or metropolitan areas"
"Brazil","Unemployment rate by sex and age (%)","HS - Continuous National Household Sample Survey","Sex: Total","Age (Youth, adults): 15+","2023Q4",7.37,,,"Frequency: Quarterly: average based on 3 monthly data points","Repository: ILO-STATISTICS - Micro data processing"
"Brazil","Unemployment rate by sex and age (%)","HS - Continuous National Household Sample Survey","Sex: Total","Age (Youth, adults): 15+","2023Q3",7.659,,,"Frequency: Quarterly: average based on 3 monthly data points","Repository: ILO-STATISTICS - Micro data processing"
"Brazil","Unemployment rate by sex and age (%)","HS - Continuous National Household Sample Survey","Sex: Total","Age (Youth, adults): 15+","2023Q2",8.012,,,"Frequency: Quarterly: average based on 3 monthly data points","Repository: ILO-STATISTICS - Micro data processing"
"Brazil","Unemployment rate by sex and age (%)","HS - Continuous National Household Sample Survey","Sex: Total","Age (Youth, adults): 15+","2023Q1",8.758,,,"Frequency: Quarterly: average based on 3 monthly data points","Repository: ILO-STATISTICS - Micro data processing"
"Brazil","Unemployment rate by sex and age (%)","HS - Continuous National Household Sample Survey","Sex: Total","Age (Youth, adults): 15+","2022Q4",7.91,,,"Frequency: Quarterly: average based on 3 monthly data points","Repository: ILO-STATISTICS - Micro data processing"
"Brazil","Unemployment rate by sex and age (%)","HS - Continuous National Household Sample Survey","Sex: Total","Age (Youth, adults): 15+","2022Q3",8.66,,,"Frequency: Quarterly: average based on 3 monthly data points","Repository: ILO-STATISTICS - Micro data processing"
"Brazil","Unemployment rate by sex and age (%)","HS - Continuous National Household Sample Survey","Sex: Total","Age (Youth, adults): 15+","2022Q2",9.269,,,"Frequency: Quarterly: average based on 3 monthly data points","Repository: ILO-STATISTICS - Micro data processing"
"Brazil","Unemployment rate by sex and age (%)","HS - Continuous National Household Sample Survey","Sex: Total","Age (Youth, adults): 15+","2022Q1",11.103,,,"Frequency: Quarterly: average based on 3 monthly data points","Repository: ILO-STATISTICS - Micro data processing"
"Brazil","Unemployment rate by sex and age (%)","HS - Continuous National Household Sample Survey","Sex: Total","Age (Youth, adults): 15+","2021Q4",11.086,,,"Frequency: Quarterly: average based on 3 monthly data points","Repository: ILO-STATISTICS - Micro data processing"
"Brazil","Unemployment rate by sex and age (%)","HS - Continuous National Household Sample Survey","Sex: Total","Age (Youth, adults): 15+","2021Q3",12.585,,,"Frequency: Quarterly: average based on 3 monthly data points","Repository: ILO-STATISTICS - Micro data processing"
"Brazil","Unemployment rate by sex and age (%)","HS - Continuous National Household Sample Survey","Sex: Total","Age (Youth, adults): 15+","2021Q2",14.203,,,"Frequency: Quarterly: average based on 3 monthly data points","Repository: ILO-STATISTICS - Micro data processing"
"Brazil","Unemployment rate by sex and age (%)","HS - Continuous National Household Sample Survey","Sex: Total","Age (Youth, adults): 15+","2021Q1",14.871,,,"Frequency: Quarterly: average based on 3 monthly data points","Repository: ILO-STATISTICS - Micro data processing"
"Brazil","Unemployment rate by sex and age (%)","HS - Continuous National Household Sample Survey","Sex: Total","Age (Youth, adults): 15+","2020Q4",14.131,,,"Frequency: Quarterly: average based on 3 monthly data points","Repository: ILO-STATISTICS - Micro data processing"
"Brazil","Unemployment rate by sex and age (%)","HS - Continuous National Household Sample Survey","Sex: Total","Age (Youth, adults): 15+","2020Q3",14.86,,,"Frequency: Quarterly: average based on 3 monthly data points","Repository: ILO-STATISTICS - Micro data processing"
"Brazil","Unemployment rate by sex and age (%)","HS - Continuous National Household Sample Survey","Sex: Total","Age (Youth, adults): 15+","2020Q2",13.571,,,"Frequency: Quarterly: average based on 3 monthly data points","Repository: ILO-STATISTICS - Micro data processing"
"Brazil","Unemployment rate by sex and age (%)","HS - Continuous National Household Sample Survey","Sex: Total","Age (Youth, adults): 15+","2020Q1",12.323,,,"Frequency: Quarterly: average based on 3 monthly data points","Repository: ILO-STATISTICS - Micro data processing"
"Brazil","Unemployment rate by sex and age (%)","HS - Continuous National Household Sample Survey","Sex: Total","Age (Youth, adults): 15+","2019Q4",11.032,,,"Frequency: Quarterly: average based on 3 monthly data points","Repository: ILO-STATISTICS - Micro data processing"
"Brazil","Unemployment rate by sex and age (%)","HS - Continuous National Household Sample Survey","Sex: Total","Age (Youth, adults): 15+","2019Q3",11.841,,,"Frequency: Quarterly: average based on 3 monthly data points","Repository: ILO-STATISTICS - Micro data processing"
"Brazil","Unemployment rate by sex and age (%)","HS - Continuous National Household Sample Survey","Sex: Total","Age (Youth, adults): 15+","2019Q2",12.081,,,"Frequency: Quarterly: average based on 3 monthly data points","Repository: ILO-STATISTICS - Micro data processing"
"Brazil","Unemployment rate by sex and age (%)","HS - Continuous National Household Sample Survey","Sex: Total","Age (Youth, adults): 15+","2019Q1",12.799,,,"Frequency: Quarterly: average based on 3 monthly data points","Repository: ILO-STATISTICS - Micro data processing"
"Brazil","Unemployment rate by sex and age (%)","HS - Continuous National Household Sample Survey","Sex: Total","Age (Youth, adults): 15+","2018Q4",11.677,,,"Frequency: Quarterly: average based on 3 monthly data points","Repository: ILO-STATISTICS - Micro data processing"
"Brazil","Unemployment rate by sex and age (%)","HS - Continuous National Household Sample Survey","Sex: Total","Age (Youth, adults): 15+","2018Q3",11.961,,,"Frequency: Quarterly: average based on 3 monthly data points","Repository: ILO-STATISTICS - Micro data processing"
"Brazil","Unemployment rate by sex and age (%)","HS - Continuous National Household Sample Survey","Sex: Total","Age (Youth, adults): 15+","2018Q2",12.514,,,"Frequency: Quarterly: average based on 3 monthly data points","Repository: ILO-STATISTICS - Micro data processing"
"Brazil","Unemployment rate by sex and age (%)","HS - Continuous National Household Sample Survey","Sex: Total","Age (Youth, adults): 15+","2018Q1",13.177,,,"Frequency: Quarterly: average based on 3 monthly data points","Repository: ILO-STATISTICS - Micro data processing"
"Costa Rica","Unemployment rate by sex and age (%)","LFS - Continuous Employment Survey","Sex: Total","Age (Youth, adults): 15+","2023Q4",6.799,,,"Frequency: Quarterly: average based on 3 monthly data points","Repository: ILO-STATISTICS - Micro data processing"
"Costa Rica","Unemployment rate by sex and age (%)","LFS - Continuous Employment Survey","Sex: Total","Age (Youth, adults): 15+","2023Q3",7.592,,,"Frequency: Quarterly: average based on 3 monthly data points","Repository: ILO-STATISTICS - Micro data processing"
"Costa Rica","Unemployment rate by sex and age (%)","LFS - Continuous Employment Survey","Sex: Total","Age (Youth, adults): 15+","2023Q2",8.971,,,"Frequency: Quarterly: average based on 3 monthly data points","Repository: ILO-STATISTICS - Micro data processing"
"Costa Rica","Unemployment rate by sex and age (%)","LFS - Continuous Employment Survey","Sex: Total","Age (Youth, adults): 15+","2023Q1",9.849,,,"Frequency: Quarterly: average based on 3 monthly data points","Repository: ILO-STATISTICS - Micro data processing"
"Costa Rica","Unemployment rate by sex and age (%)","LFS - Continuous Employment Survey","Sex: Total","Age (Youth, adults): 15+","2022Q4",10.887,,,"Frequency: Quarterly: average based on 3 monthly data points","Repository: ILO-STATISTICS - Micro data processing"
"Costa Rica","Unemployment rate by sex and age (%)","LFS - Continuous Employment Survey","Sex: Total","Age (Youth, adults): 15+","2022Q3",11.107,,,"Frequency: Quarterly: average based on 3 monthly data points","Repository: ILO-STATISTICS - Micro data processing"
"Costa Rica","Unemployment rate by sex and age (%)","LFS - Continuous Employment Survey","Sex: Total","Age (Youth, adults): 15+","2022Q2",10.727,,,"Frequency: Quarterly: average based on 3 monthly data points","Repository: ILO-STATISTICS - Micro data processing"
"Costa Rica","Unemployment rate by sex and age (%)","LFS - Continuous Employment Survey","Sex: Total","Age (Youth, adults): 15+","2022Q1",12.588,,,"Frequency: Quarterly: average based on 3 monthly data points","Repository: ILO-STATISTICS - Micro data processing"
"Costa Rica","Unemployment rate by sex and age (%)","LFS - Continuous Employment Survey","Sex: Total","Age (Youth, adults): 15+","2021Q4",12.682,,,"Frequency: Quarterly: average based on 3 monthly data points","Repository: ILO-STATISTICS - Micro data processing"
"Costa Rica","Unemployment rate by sex and age (%)","LFS - Continuous Employment Survey","Sex: Total","Age (Youth, adults): 15+","2021Q3",14.111,,,"Frequency: Quarterly: average based on 3 monthly data points","Repository: ILO-STATISTICS - Micro data processing"
"Costa Rica","Unemployment rate by sex and age (%)","LFS - Continuous Employment Survey","Sex: Total","Age (Youth, adults): 15+","2021Q2",16.489,,,"Frequency: Quarterly: average based on 3 monthly data points","Repository: ILO-STATISTICS - Micro data processing"
"Costa Rica","Unemployment rate by sex and age (%)","LFS - Continuous Employment Survey","Sex: Total","Age (Youth, adults): 15+","2021Q1",17.321,,,"Frequency: Quarterly: average based on 3 monthly data points","Repository: ILO-STATISTICS - Micro data processing"
"Costa Rica","Unemployment rate by sex and age (%)","LFS - Continuous Employment Survey","Sex: Total","Age (Youth, adults): 15+","2020Q4",17.735,,,"Frequency: Quarterly: average based on 3 monthly data points","Repository: ILO-STATISTICS - Micro data processing"
"Costa Rica","Unemployment rate by sex and age (%)","LFS - Continuous Employment Survey","Sex: Total","Age (Youth, adults): 15+","2020Q3",18.471,,,"Frequency: Quarterly: average based on 3 monthly data points","Repository: ILO-STATISTICS - Micro data processing"
"Costa Rica","Unemployment rate by sex and age (%)","LFS - Continuous Employment Survey","Sex: Total","Age (Youth, adults): 15+","2020Q2",18.471,,,"Frequency: Quarterly: average based on 3 monthly data points","Repository: ILO-STATISTICS - Micro data processing"
"Costa Rica","Unemployment rate by sex and age (%)","LFS - Continuous Employment Survey","Sex: Total","Age (Youth, adults): 15+","2020Q1",11.532,,,"Frequency: Quarterly: average based on 3 monthly data points","Repository: ILO-STATISTICS - Micro data processing"
"Costa Rica","Unemployment rate by sex and age (%)","LFS - Continuous Employment Survey","Sex: Total","Age (Youth, adults): 15+","2019Q4",11.421,,,"Frequency: Quarterly: average based on 3 monthly data points","Repository: ILO-STATISTICS - Micro data processing"
"Costa Rica","Unemployment rate by sex and age (%)","LFS - Continuous Employment Survey","Sex: Total","Age (Youth, adults): 15+","2019Q3",10.421,,,"Frequency: Quarterly: average based on 3 monthly data points","Repository: ILO-STATISTICS - Micro data processing"
"Costa Rica","Unemployment rate by sex and age (%)","LFS - Continuous Employment Survey","Sex: Total","Age (Youth, adults): 15+","2019Q2",11.166,,,"Frequency: Quarterly: average based on 3 monthly data points","Repository: ILO-STATISTICS - Micro data processing"
"Costa Rica","Unemployment rate by sex and age (%)","LFS - Continuous Employment Survey","Sex: Total","Age (Youth, adults): 15+","2019Q1",10.206,,,"Frequency: Quarterly: average based on 3 monthly data points","Repository: ILO-STATISTICS - Micro data processing"
"Costa Rica","Unemployment rate by sex and age (%)","LFS - Continuous Employment Survey","Sex: Total","Age (Youth, adults): 15+","2018Q4",10.961,,,"Frequency: Quarterly: average based on 3 monthly data points","Repository: ILO-STATISTICS - Micro data processing"
"Costa Rica","Unemployment rate by sex and age (%)","LFS - Continuous Employment Survey","Sex: Total","Age (Youth, adults): 15+","2018Q3",9.017,,,"Frequency: Quarterly: average based on 3 monthly data points","Repository: ILO-STATISTICS - Micro data processing"
"Costa Rica","Unemployment rate by sex and age (%)","LFS - Continuous Employment Survey","Sex: Total","Age (Youth, adults): 15+","2018Q2",7.203,,,"Frequency: Quarterly: average based on 3 monthly data points","Repository: ILO-STATISTICS - Micro data processing"
"Costa Rica","Unemployment rate by sex and age (%)","LFS - Continuous Employment Survey","Sex: Total","Age (Youth, adults): 15+","2018Q1",8.767,,,"Frequency: Quarterly: average based on 3 monthly data points","Repository: ILO-STATISTICS - Micro data processing"
"Ecuador","Unemployment rate by sex and age (%)","LFS - National Survey on Employment, Unemployment and Underemployment","Sex: Total","Age (Youth, adults): 15+","2023Q4",3.302,,,"Unemployment definition: Two criteria (not in employment and seeking) | Frequency: Monthly","Repository: ILO-STATISTICS - Micro data processing"
"Ecuador","Unemployment rate by sex and age (%)","LFS - National Survey on Employment, Unemployment and Underemployment","Sex: Total","Age (Youth, adults): 15+","2023Q3",3.349,,,"Unemployment definition: Two criteria (not in employment and seeking) | Frequency: Monthly","Repository: ILO-STATISTICS - Micro data processing"
"Ecuador","Unemployment rate by sex and age (%)","LFS - National Survey on Employment, Unemployment and Underemployment","Sex: Total","Age (Youth, adults): 15+","2023Q2",3.433,,,"Unemployment definition: Two criteria (not in employment and seeking) | Frequency: Monthly","Repository: ILO-STATISTICS - Micro data processing"
"Ecuador","Unemployment rate by sex and age (%)","LFS - National Survey on Employment, Unemployment and Underemployment","Sex: Total","Age (Youth, adults): 15+","2023Q1",3.383,,,"Unemployment definition: Two criteria (not in employment and seeking) | Frequency: Monthly","Repository: ILO-STATISTICS - Micro data processing"
"Ecuador","Unemployment rate by sex and age (%)","LFS - National Survey on Employment, Unemployment and Underemployment","Sex: Total","Age (Youth, adults): 15+","2022Q4",3.304,,,"Unemployment definition: Two criteria (not in employment and seeking) | Frequency: Monthly","Repository: ILO-STATISTICS - Micro data processing"
"Ecuador","Unemployment rate by sex and age (%)","LFS - National Survey on Employment, Unemployment and Underemployment","Sex: Total","Age (Youth, adults): 15+","2022Q3",3.674,,,"Unemployment definition: Two criteria (not in employment and seeking) | Frequency: Monthly","Repository: ILO-STATISTICS - Micro data processing"
"Ecuador","Unemployment rate by sex and age (%)","LFS - National Survey on Employment, Unemployment and Underemployment","Sex: Total","Age (Youth, adults): 15+","2022Q2",3.787,,,"Unemployment definition: Two criteria (not in employment and seeking) | Frequency: Monthly","Repository: ILO-STATISTICS - Micro data processing"
"Ecuador","Unemployment rate by sex and age (%)","LFS - National Survey on Employment, Unemployment and Underemployment","Sex: Total","Age (Youth, adults): 15+","2022Q1",4.29,,,"Unemployment definition: Two criteria (not in employment and seeking) | Frequency: Monthly","Repository: ILO-STATISTICS - Micro data processing"
"Ecuador","Unemployment rate by sex and age (%)","LFS - National Survey on Employment, Unemployment and Underemployment","Sex: Total","Age (Youth, adults): 15+","2021Q4",3.996,,,"Unemployment definition: Two criteria (not in employment and seeking) | Frequency: Monthly","Repository: ILO-STATISTICS - Micro data processing"
"Ecuador","Unemployment rate by sex and age (%)","LFS - National Survey on Employment, Unemployment and Underemployment","Sex: Total","Age (Youth, adults): 15+","2021Q3",4.54,,,"Unemployment definition: Two criteria (not in employment and seeking) | Frequency: Monthly","Repository: ILO-STATISTICS - Micro data processing"
"Ecuador","Unemployment rate by sex and age (%)","LFS - National Survey on Employment, Unemployment and Underemployment","Sex: Total","Age (Youth, adults): 15+","2021Q2",5.08,,,"Unemployment definition: Two criteria (not in employment and seeking) | Frequency: Monthly","Repository: ILO-STATISTICS - Micro data processing"
"Ecuador","Unemployment rate by sex and age (%)","LFS - National Survey on Employment, Unemployment and Underemployment","Sex: Total","Age (Youth, adults): 15+","2021Q1",4.601,,,"Unemployment definition: Two criteria (not in employment and seeking) | Frequency: Monthly","Repository: ILO-STATISTICS - Micro data processing"
"Ecuador","Unemployment rate by sex and age (%)","LFS - National Survey on Employment, Unemployment and Underemployment","Sex: Total","Age (Youth, adults): 15+","2020Q4",4.08,"Break in series",,"Unemployment definition: Two criteria (not in employment and seeking) | Frequency: Three times a year: May, August and November | Break in series: Methodology revised","Repository: ILO-STATISTICS - Micro data processing"
"Ecuador","Unemployment rate by sex and age (%)","LFS - National Survey on Employment, Unemployment and Underemployment","Sex: Total","Age (Youth, adults): 15+","2020Q3",5.784,"Break in series",,"Unemployment definition: Two criteria (not in employment and seeking) | Frequency: Three times a year: May, August and November | Break in series: Methodology revised","Repository: ILO-STATISTICS - Micro data processing"
"Ecuador","Unemployment rate by sex and age (%)","LFS - National Survey on Employment, Unemployment and Underemployment","Sex: Total","Age (Youth, adults): 15+","2020Q2",8.922,"Break in series",,"Unemployment definition: Two criteria (not in employment and seeking) | Frequency: Three times a year: May, August and November | Break in series: Methodology revised | Remarks: Telephonic operational strategy","Repository: ILO-STATISTICS - Micro data processing"
"Ecuador","Unemployment rate by sex and age (%)","LFS - National Survey on Employment, Unemployment and Underemployment","Sex: Total","Age (Youth, adults): 15+","2019Q4",3.376,,,"Unemployment definition: Two criteria (not in employment and seeking) | Frequency: Quarterly: average based on 3 monthly data points","Repository: ILO-STATISTICS - Micro data processing"
"Ecuador","Unemployment rate by sex and age (%)","LFS - National Survey on Employment, Unemployment and Underemployment","Sex: Total","Age (Youth, adults): 15+","2019Q3",4.204,,,"Unemployment definition: Two criteria (not in employment and seeking) | Frequency: Quarterly: average based on 3 monthly data points","Repository: ILO-STATISTICS - Micro data processing"
"Ecuador","Unemployment rate by sex and age (%)","LFS - National Survey on Employment, Unemployment and Underemployment","Sex: Total","Age (Youth, adults): 15+","2019Q2",3.708,,,"Unemployment definition: Two criteria (not in employment and seeking) | Frequency: Quarterly: average based on 3 monthly data points","Repository: ILO-STATISTICS - Micro data processing"
"Ecuador","Unemployment rate by sex and age (%)","LFS - National Survey on Employment, Unemployment and Underemployment","Sex: Total","Age (Youth, adults): 15+","2019Q1",3.949,,,"Unemployment definition: Two criteria (not in employment and seeking) | Frequency: Quarterly: average based on 3 monthly data points","Repository: ILO-STATISTICS - Micro data processing"
"Ecuador","Unemployment rate by sex and age (%)","LFS - National Survey on Employment, Unemployment and Underemployment","Sex: Total","Age (Youth, adults): 15+","2018Q4",3.007,,,"Unemployment definition: Two criteria (not in employment and seeking) | Frequency: Quarterly: average based on 3 monthly data points","Repository: ILO-STATISTICS - Micro data processing"
"Ecuador","Unemployment rate by sex and age (%)","LFS - National Survey on Employment, Unemployment and Underemployment","Sex: Total","Age (Youth, adults): 15+","2018Q3",3.45,,,"Unemployment definition: Two criteria (not in employment and seeking) | Frequency: Quarterly: average based on 3 monthly data points","Repository: ILO-STATISTICS - Micro data processing"
"Ecuador","Unemployment rate by sex and age (%)","LFS - National Survey on Employment, Unemployment and Underemployment","Sex: Total","Age (Youth, adults): 15+","2018Q2",3.621,,,"Unemployment definition: Two criteria (not in employment and seeking) | Frequency: Quarterly: average based on 3 monthly data points","Repository: ILO-STATISTICS - Micro data processing"
"Ecuador","Unemployment rate by sex and age (%)","LFS - National Survey on Employment, Unemployment and Underemployment","Sex: Total","Age (Youth, adults): 15+","2018Q1",4.034,,,"Unemployment definition: Two criteria (not in employment and seeking) | Frequency: Quarterly: average based on 3 monthly data points","Repository: ILO-STATISTICS - Micro data processing"
"United Kingdom of Great Britain and Northern Ireland","Unemployment rate by sex and age (%)","LFS - EU Labour Force Survey","Sex: Total","Age (Youth, adults): 15+","2020Q3",4.9,,,"Frequency: Quarterly","Age coverage - minimum age: 16 years old | Age coverage - maximum age: 74 years old"
"United Kingdom of Great Britain and Northern Ireland","Unemployment rate by sex and age (%)","LFS - EU Labour Force Survey","Sex: Total","Age (Youth, adults): 15+","2020Q2",3.8,,,"Frequency: Quarterly","Age coverage - minimum age: 16 years old | Age coverage - maximum age: 74 years old"
"United Kingdom of Great Britain and Northern Ireland","Unemployment rate by sex and age (%)","LFS - EU Labour Force Survey","Sex: Total","Age (Youth, adults): 15+","2020Q1",3.9,,,"Frequency: Quarterly","Age coverage - minimum age: 16 years old | Age coverage - maximum age: 74 years old"
"United Kingdom of Great Britain and Northern Ireland","Unemployment rate by sex and age (%)","LFS - EU Labour Force Survey","Sex: Total","Age (Youth, adults): 15+","2019Q4",3.6,,,"Frequency: Quarterly","Age coverage - minimum age: 16 years old | Age coverage - maximum age: 74 years old"
"United Kingdom of Great Britain and Northern Ireland","Unemployment rate by sex and age (%)","LFS - EU Labour Force Survey","Sex: Total","Age (Youth, adults): 15+","2019Q3",3.9,,,"Frequency: Quarterly","Age coverage - minimum age: 16 years old | Age coverage - maximum age: 74 years old"
"United Kingdom of Great Britain and Northern Ireland","Unemployment rate by sex and age (%)","LFS - EU Labour Force Survey","Sex: Total","Age (Youth, adults): 15+","2019Q2",3.7,,,"Frequency: Quarterly","Age coverage - minimum age: 16 years old | Age coverage - maximum age: 74 years old"
"United Kingdom of Great Britain and Northern Ireland","Unemployment rate by sex and age (%)","LFS - EU Labour Force Survey","Sex: Total","Age (Youth, adults): 15+","2019Q1",3.7,,,"Frequency: Quarterly","Age coverage - minimum age: 16 years old | Age coverage - maximum age: 74 years old"
"United Kingdom of Great Britain and Northern Ireland","Unemployment rate by sex and age (%)","LFS - EU Labour Force Survey","Sex: Total","Age (Youth, adults): 15+","2018Q4",3.8,,,"Frequency: Quarterly","Age coverage - minimum age: 16 years old | Age coverage - maximum age: 74 years old"
"United Kingdom of Great Britain and Northern Ireland","Unemployment rate by sex and age (%)","LFS - EU Labour Force Survey","Sex: Total","Age (Youth, adults): 15+","2018Q3",4.2,,,"Frequency: Quarterly","Age coverage - minimum age: 16 years old | Age coverage - maximum age: 74 years old"
"United Kingdom of Great Britain and Northern Ireland","Unemployment rate by sex and age (%)","LFS - EU Labour Force Survey","Sex: Total","Age (Youth, adults): 15+","2018Q2",3.9,,,"Frequency: Quarterly","Age coverage - minimum age: 16 years old | Age coverage - maximum age: 74 years old"
"United Kingdom of Great Britain and Northern Ireland","Unemployment rate by sex and age (%)","LFS - EU Labour Force Survey","Sex: Total","Age (Youth, adults): 15+","2018Q1",4.2,,,"Frequency: Quarterly","Age coverage - minimum age: 16 years old | Age coverage - maximum age: 74 years old"
"Guatemala","Unemployment rate by sex and age (%)","LFS - Monthly Employment and Income Survey","Sex: Total","Age (Youth, adults): 15+","2021Q4",2.174,,,"Frequency: Twice a year: April and November","Repository: ILO-STATISTICS - Micro data processing"
"Guatemala","Unemployment rate by sex and age (%)","LFS - Monthly Employment and Income Survey","Sex: Total","Age (Youth, adults): 15+","2019Q4",1.915,,,"Frequency: Twice a year: April and November","Repository: ILO-STATISTICS - Micro data processing"
"Guatemala","Unemployment rate by sex and age (%)","LFS - Monthly Employment and Income Survey","Sex: Total","Age (Youth, adults): 15+","2019Q2",2.483,,,"Frequency: Twice a year: April and November","Repository: ILO-STATISTICS - Micro data processing"
"Guatemala","Unemployment rate by sex and age (%)","LFS - Monthly Employment and Income Survey","Sex: Total","Age (Youth, adults): 15+","2018Q4",1.949,,,"Frequency: Twice a year: April and November","Repository: ILO-STATISTICS - Micro data processing"
"Guatemala","Unemployment rate by sex and age (%)","LFS - Monthly Employment and Income Survey","Sex: Total","Age (Youth, adults): 15+","2018Q2",2.624,,,"Frequency: Twice a year: April and November","Repository: ILO-STATISTICS - Micro data processing"
"Mexico","Unemployment rate by sex and age (%)","LFS - National Occupation and Employment Survey","Sex: Total","Age (Youth, adults): 15+","2023Q4",2.663,,,"Frequency: Monthly","Repository: ILO-STATISTICS - Micro data processing"
"Mexico","Unemployment rate by sex and age (%)","LFS - National Occupation and Employment Survey","Sex: Total","Age (Youth, adults): 15+","2023Q3",2.955,,,"Frequency: Monthly","Repository: ILO-STATISTICS - Micro data processing"
"Mexico","Unemployment rate by sex and age (%)","LFS - National Occupation and Employment Survey","Sex: Total","Age (Youth, adults): 15+","2023Q2",2.801,,,"Frequency: Monthly","Repository: ILO-STATISTICS - Micro data processing"
"Mexico","Unemployment rate by sex and age (%)","LFS - National Occupation and Employment Survey","Sex: Total","Age (Youth, adults): 15+","2023Q1",2.639,,,"Frequency: Monthly","Repository: ILO-STATISTICS - Micro data processing"
"Mexico","Unemployment rate by sex and age (%)","LFS - National Occupation and Employment Survey","Sex: Total","Age (Youth, adults): 15+","2022Q4",2.974,,,"Frequency: Monthly","Repository: ILO-STATISTICS - Micro data processing"
"Mexico","Unemployment rate by sex and age (%)","LFS - National Occupation and Employment Survey","Sex: Total","Age (Youth, adults): 15+","2022Q3",3.402,,,"Frequency: Monthly","Repository: ILO-STATISTICS - Micro data processing"
"Mexico","Unemployment rate by sex and age (%)","LFS - National Occupation and Employment Survey","Sex: Total","Age (Youth, adults): 15+","2022Q2",3.214,,,"Frequency: Monthly","Repository: ILO-STATISTICS - Micro data processing"
"Mexico","Unemployment rate by sex and age (%)","LFS - National Occupation and Employment Survey","Sex: Total","Age (Youth, adults): 15+","2022Q1",3.441,,,"Frequency: Monthly","Repository: ILO-STATISTICS - Micro data processing"
"Mexico","Unemployment rate by sex and age (%)","LFS - National Occupation and Employment Survey","Sex: Total","Age (Youth, adults): 15+","2021Q4",3.642,,,"Frequency: Monthly","Repository: ILO-STATISTICS - Micro data processing"
"Mexico","Unemployment rate by sex and age (%)","LFS - National Occupation and Employment Survey","Sex: Total","Age (Youth, adults): 15+","2021Q3",4.218,,,"Frequency: Monthly","Repository: ILO-STATISTICS - Micro data processing"
"Mexico","Unemployment rate by sex and age (%)","LFS - National Occupation and Employment Survey","Sex: Total","Age (Youth, adults): 15+","2021Q2",3.89,,,"Frequency: Monthly","Repository: ILO-STATISTICS - Micro data processing"
"Mexico","Unemployment rate by sex and age (%)","LFS - National Occupation and Employment Survey","Sex: Total","Age (Youth, adults): 15+","2021Q1",4.327,,,"Frequency: Monthly","Repository: ILO-STATISTICS - Micro data processing"
"Mexico","Unemployment rate by sex and age (%)","LFS - National Occupation and Employment Survey","Sex: Total","Age (Youth, adults): 15+","2020Q4",4.518,,,"Frequency: Quarterly: average based on 3 monthly data points","Repository: ILO-STATISTICS - Micro data processing"
"Mexico","Unemployment rate by sex and age (%)","LFS - National Occupation and Employment Survey","Sex: Total","Age (Youth, adults): 15+","2020Q3",5.131,"Break in series",,"Frequency: Quarterly: average based on 3 monthly data points | Break in series: Methodology revised","Repository: ILO-STATISTICS - Micro data processing"
"Mexico","Unemployment rate by sex and age (%)","LFS - National Occupation and Employment Survey","Sex: Total","Age (Youth, adults): 15+","2020Q2",4.823,"Break in series",,"Frequency: Quarterly: average based on 3 monthly data points | Break in series: Methodology revised | Remarks: Telephonic operational strategy","Repository: ILO-STATISTICS - Micro data processing"
"Mexico","Unemployment rate by sex and age (%)","LFS - National Occupation and Employment Survey","Sex: Total","Age (Youth, adults): 15+","2020Q1",3.404,,,"Frequency: Quarterly: average based on 3 monthly data points","Repository: ILO-STATISTICS - Micro data processing"
"Mexico","Unemployment rate by sex and age (%)","LFS - National Occupation and Employment Survey","Sex: Total","Age (Youth, adults): 15+","2019Q4",3.361,,,"Frequency: Quarterly: average based on 3 monthly data points","Repository: ILO-STATISTICS - Micro data processing"
"Mexico","Unemployment rate by sex and age (%)","LFS - National Occupation and Employment Survey","Sex: Total","Age (Youth, adults): 15+","2019Q3",3.712,,,"Frequency: Quarterly: average based on 3 monthly data points","Repository: ILO-STATISTICS - Micro data processing"
"Mexico","Unemployment rate by sex and age (%)","LFS - National Occupation and Employment Survey","Sex: Total","Age (Youth, adults): 15+","2019Q2",3.507,,,"Frequency: Quarterly: average based on 3 monthly data points","Repository: ILO-STATISTICS - Micro data processing"
"Mexico","Unemployment rate by sex and age (%)","LFS - National Occupation and Employment Survey","Sex: Total","Age (Youth, adults): 15+","2019Q1",3.327,,,"Frequency: Quarterly: average based on 3 monthly data points","Repository: ILO-STATISTICS - Micro data processing"
"Mexico","Unemployment rate by sex and age (%)","LFS - National Occupation and Employment Survey","Sex: Total","Age (Youth, adults): 15+","2018Q4",3.246,,,"Frequency: Quarterly: average based on 3 monthly data points","Repository: ILO-STATISTICS - Micro data processing"
"Mexico","Unemployment rate by sex and age (%)","LFS - National Occupation and Employment Survey","Sex: Total","Age (Youth, adults): 15+","2018Q3",3.425,,,"Frequency: Quarterly: average based on 3 monthly data points","Repository: ILO-STATISTICS - Micro data processing"
"Mexico","Unemployment rate by sex and age (%)","LFS - National Occupation and Employment Survey","Sex: Total","Age (Youth, adults): 15+","2018Q2",3.315,,,"Frequency: Quarterly: average based on 3 monthly data points","Repository: ILO-STATISTICS - Micro data processing"
"Mexico","Unemployment rate by sex and age (%)","LFS - National Occupation and Employment Survey","Sex: Total","Age (Youth, adults): 15+","2018Q1",3.108,,,"Frequency: Quarterly: average based on 3 monthly data points","Repository: ILO-STATISTICS - Micro data processing"
